quarter_date,industry,employee_jobs,exposure,post,log_jobs,event_time
2012-03-01,accommodation_food,1891,33.2,0,7.544861068658458,-17
2012-03-01,administrative_support,2273,16.9,0,7.728855823852543,-17
2012-03-01,agriculture,231,10.7,0,5.442417710521793,-17
2012-03-01,arts_entertainment,687,12.3,0,6.532334292222349,-17
2012-03-01,construction,1242,3.2,0,7.124478262493424,-17
2012-03-01,education,2551,2.7,0,7.844240718141811,-17
2012-03-01,electricity_gas,114,0.3,0,4.736198448394496,-17
2012-03-01,financial_insurance,1084,0.6,0,6.988413181999592,-17
2012-03-01,health_social_work,3728,5.9,0,8.223627175805483,-17
2012-03-01,information_communication,1064,1.4,0,6.96979066990159,-17
2012-03-01,manufacturing,2405,4.6,0,7.785305182539862,-17
2012-03-01,mining,62,0.5,0,4.127134385045092,-17
2012-03-01,other_services,595,10.8,0,6.38856140554563,-17
2012-03-01,professional_scientific,1993,3,0,7.597396320212795,-17
2012-03-01,public_admin,1362,0.4,0,7.2167094867094574,-17
2012-03-01,real_estate,430,3.4,0,6.063785208687608,-17
2012-03-01,transport_storage,1250,2.6,0,7.1308988302963465,-17
2012-03-01,water_waste,181,4.8,0,5.198497031265826,-17
2012-03-01,wholesale_retail,4504,13.4,0,8.412721169819527,-17
2012-06-01,accommodation_food,1886,33.2,0,7.542213463193403,-16
2012-06-01,administrative_support,2303,16.9,0,7.741967899820685,-16
2012-06-01,agriculture,223,10.7,0,5.407171771460119,-16
2012-06-01,arts_entertainment,678,12.3,0,6.519147287940395,-16
2012-06-01,construction,1242,3.2,0,7.124478262493424,-16
2012-06-01,education,2536,2.7,0,7.8383433155571165,-16
2012-06-01,electricity_gas,117,0.3,0,4.762173934797756,-16
2012-06-01,financial_insurance,1063,0.6,0,6.968850378341948,-16
2012-06-01,health_social_work,3677,5.9,0,8.209852481301272,-16
2012-06-01,information_communication,1051,1.4,0,6.957497370876951,-16
2012-06-01,manufacturing,2408,4.6,0,7.786551806428712,-16
2012-06-01,mining,64,0.5,0,4.1588830833596715,-16
2012-06-01,other_services,572,10.8,0,6.349138991379798,-16
2012-06-01,professional_scientific,2043,3,0,7.622174594817622,-16
2012-06-01,public_admin,1357,0.4,0,7.213031659834869,-16
2012-06-01,real_estate,437,3.4,0,6.07993319509559,-16
2012-06-01,transport_storage,1252,2.6,0,7.132497551660044,-16
2012-06-01,water_waste,182,4.8,0,5.204006687076795,-16
2012-06-01,wholesale_retail,4467,13.4,0,8.404472321352118,-16
2012-09-01,accommodation_food,1881,33.2,0,7.53955882930103,-15
2012-09-01,administrative_support,2324,16.9,0,7.751045117971802,-15
2012-09-01,agriculture,219,10.7,0,5.389071729816501,-15
2012-09-01,arts_entertainment,687,12.3,0,6.532334292222349,-15
2012-09-01,construction,1246,3.2,0,7.1276936993473985,-15
2012-09-01,education,2545,2.7,0,7.841885928984623,-15
2012-09-01,electricity_gas,120,0.3,0,4.787491742782046,-15
2012-09-01,financial_insurance,1052,0.6,0,6.9584483932976555,-15
2012-09-01,health_social_work,3691,5.9,0,8.213652703029998,-15
2012-09-01,information_communication,1048,1.4,0,6.954638864880987,-15
2012-09-01,manufacturing,2384,4.6,0,7.776535028185241,-15
2012-09-01,mining,66,0.5,0,4.189654742026425,-15
2012-09-01,other_services,561,10.8,0,6.329720905522696,-15
2012-09-01,professional_scientific,2024,3,0,7.6128310304073565,-15
2012-09-01,public_admin,1346,0.4,0,7.204892510204673,-15
2012-09-01,real_estate,440,3.4,0,6.0867747269123065,-15
2012-09-01,transport_storage,1247,2.6,0,7.1284959456800365,-15
2012-09-01,water_waste,181,4.8,0,5.198497031265826,-15
2012-09-01,wholesale_retail,4439,13.4,0,8.398184404834035,-15
2012-12-01,accommodation_food,1858,33.2,0,7.527255919373784,-14
2012-12-01,administrative_support,2272,16.9,0,7.7284157798410416,-14
2012-12-01,agriculture,203,10.7,0,5.313205979041787,-14
2012-12-01,arts_entertainment,676,12.3,0,6.516193076042964,-14
2012-12-01,construction,1234,3.2,0,7.1180162044653335,-14
2012-12-01,education,2535,2.7,0,7.837948916025283,-14
2012-12-01,electricity_gas,117,0.3,0,4.762173934797756,-14
2012-12-01,financial_insurance,1068,0.6,0,6.97354301952014,-14
2012-12-01,health_social_work,3722,5.9,0,8.222016437202196,-14
2012-12-01,information_communication,1069,1.4,0,6.974478911025045,-14
2012-12-01,manufacturing,2355,4.6,0,7.764296006450518,-14
2012-12-01,mining,63,0.5,0,4.143134726391533,-14
2012-12-01,other_services,559,10.8,0,6.326149473155099,-14
2012-12-01,professional_scientific,2098,3,0,7.6487397889562425,-14
2012-12-01,public_admin,1344,0.4,0,7.203405521083095,-14
2012-12-01,real_estate,437,3.4,0,6.07993319509559,-14
2012-12-01,transport_storage,1254,2.6,0,7.134093721192866,-14
2012-12-01,water_waste,184,4.8,0,5.214935757608986,-14
2012-12-01,wholesale_retail,4458,13.4,0,8.402455513945814,-14
2013-03-01,accommodation_food,1846,33.2,0,7.520776415062797,-13
2013-03-01,administrative_support,2300,16.9,0,7.7406644019172415,-13
2013-03-01,agriculture,194,10.7,0,5.267858159063328,-13
2013-03-01,arts_entertainment,674,12.3,0,6.513230110912307,-13
2013-03-01,construction,1245,3.2,0,7.126890808898808,-13
2013-03-01,education,2549,2.7,0,7.8434564043761155,-13
2013-03-01,electricity_gas,119,0.3,0,4.77912349311153,-13
2013-03-01,financial_insurance,1072,0.6,0,6.977281341630747,-13
2013-03-01,health_social_work,3764,5.9,0,8.23323750070527,-13
2013-03-01,information_communication,1076,1.4,0,6.98100574072173,-13
2013-03-01,manufacturing,2341,4.6,0,7.75833346749091,-13
2013-03-01,mining,64,0.5,0,4.1588830833596715,-13
2013-03-01,other_services,580,10.8,0,6.363028103540465,-13
2013-03-01,professional_scientific,2110,3,0,7.6544432264701125,-13
2013-03-01,public_admin,1347,0.4,0,7.205635176410364,-13
2013-03-01,real_estate,445,3.4,0,6.09807428216624,-13
2013-03-01,transport_storage,1261,2.6,0,7.13966033596492,-13
2013-03-01,water_waste,186,4.8,0,5.225746673713202,-13
2013-03-01,wholesale_retail,4490,13.4,0,8.4096079807363,-13
2013-06-01,accommodation_food,1946,33.2,0,7.57353126274595,-12
2013-06-01,administrative_support,2294,16.9,0,7.738052297689316,-12
2013-06-01,agriculture,211,10.7,0,5.351858133476067,-12
2013-06-01,arts_entertainment,686,12.3,0,6.530877627725885,-12
2013-06-01,construction,1235,3.2,0,7.118826249062078,-12
2013-06-01,education,2579,2.7,0,7.8551570058813445,-12
2013-06-01,electricity_gas,114,0.3,0,4.736198448394496,-12
2013-06-01,financial_insurance,1051,0.6,0,6.957497370876951,-12
2013-06-01,health_social_work,3754,5.9,0,8.230577217146454,-12
2013-06-01,information_communication,1086,1.4,0,6.990256500493881,-12
2013-06-01,manufacturing,2350,4.6,0,7.762170607138205,-12
2013-06-01,mining,62,0.5,0,4.127134385045092,-12
2013-06-01,other_services,574,10.8,0,6.352629396319567,-12
2013-06-01,professional_scientific,2176,3,0,7.685243607975833,-12
2013-06-01,public_admin,1347,0.4,0,7.205635176410364,-12
2013-06-01,real_estate,468,3.4,0,6.148468295917647,-12
2013-06-01,transport_storage,1240,2.6,0,7.122866658599083,-12
2013-06-01,water_waste,183,4.8,0,5.209486152841421,-12
2013-06-01,wholesale_retail,4437,13.4,0,8.39773375137891,-12
2013-09-01,accommodation_food,1963,33.2,0,7.5822291942764615,-11
2013-09-01,administrative_support,2310,16.9,0,7.745002803515839,-11
2013-09-01,agriculture,207,10.7,0,5.332718793265369,-11
2013-09-01,arts_entertainment,692,12.3,0,6.539585955617669,-11
2013-09-01,construction,1228,3.2,0,7.113142108707088,-11
2013-09-01,education,2606,2.7,0,7.8655717576847906,-11
2013-09-01,electricity_gas,112,0.3,0,4.718498871295094,-11
2013-09-01,financial_insurance,1042,0.6,0,6.948897222313312,-11
2013-09-01,health_social_work,3764,5.9,0,8.23323750070527,-11
2013-09-01,information_communication,1103,1.4,0,7.005789019253503,-11
2013-09-01,manufacturing,2375,4.6,0,7.772752716468742,-11
2013-09-01,mining,57,0.5,0,4.04305126783455,-11
2013-09-01,other_services,591,10.8,0,6.3818160174060985,-11
2013-09-01,professional_scientific,2169,3,0,7.682021510826875,-11
2013-09-01,public_admin,1343,0.4,0,7.202661196523238,-11
2013-09-01,real_estate,468,3.4,0,6.148468295917647,-11
2013-09-01,transport_storage,1235,2.6,0,7.118826249062078,-11
2013-09-01,water_waste,184,4.8,0,5.214935757608986,-11
2013-09-01,wholesale_retail,4454,13.4,0,8.401557847817314,-11
2013-12-01,accommodation_food,1988,33.2,0,7.59488438721652,-10
2013-12-01,administrative_support,2344,16.9,0,7.759614150696903,-10
2013-12-01,agriculture,221,10.7,0,5.3981627015177525,-10
2013-12-01,arts_entertainment,698,12.3,0,6.548219102762372,-10
2013-12-01,construction,1256,3.2,0,7.135687347028144,-10
2013-12-01,education,2607,2.7,0,7.865955413933502,-10
2013-12-01,electricity_gas,112,0.3,0,4.718498871295094,-10
2013-12-01,financial_insurance,1039,0.6,0,6.946013991099227,-10
2013-12-01,health_social_work,3784,5.9,0,8.238536930171769,-10
2013-12-01,information_communication,1123,1.4,0,7.023758954738443,-10
2013-12-01,manufacturing,2377,4.6,0,7.773594467360194,-10
2013-12-01,mining,60,0.5,0,4.0943445622221,-10
2013-12-01,other_services,592,10.8,0,6.3835066348840055,-10
2013-12-01,professional_scientific,2191,3,0,7.692113339595466,-10
2013-12-01,public_admin,1334,0.4,0,7.195937226475569,-10
2013-12-01,real_estate,471,3.4,0,6.154858094016418,-10
2013-12-01,transport_storage,1236,2.6,0,7.119635638017636,-10
2013-12-01,water_waste,182,4.8,0,5.204006687076795,-10
2013-12-01,wholesale_retail,4481,13.4,0,8.407601514786142,-10
2014-03-01,accommodation_food,2002,33.2,0,7.601901959875166,-9
2014-03-01,administrative_support,2378,16.9,0,7.774015077250727,-9
2014-03-01,agriculture,231,10.7,0,5.442417710521793,-9
2014-03-01,arts_entertainment,702,12.3,0,6.553933404025811,-9
2014-03-01,construction,1264,3.2,0,7.142036574706803,-9
2014-03-01,education,2599,2.7,0,7.8628820346414905,-9
2014-03-01,electricity_gas,112,0.3,0,4.718498871295094,-9
2014-03-01,financial_insurance,1046,0.6,0,6.952728644624869,-9
2014-03-01,health_social_work,3835,5.9,0,8.251924713801357,-9
2014-03-01,information_communication,1146,1.4,0,7.044032897274685,-9
2014-03-01,manufacturing,2394,4.6,0,7.780720886117918,-9
2014-03-01,mining,60,0.5,0,4.0943445622221,-9
2014-03-01,other_services,599,10.8,0,6.395261598115449,-9
2014-03-01,professional_scientific,2226,3,0,7.70796153183549,-9
2014-03-01,public_admin,1334,0.4,0,7.195937226475569,-9
2014-03-01,real_estate,470,3.4,0,6.152732694704104,-9
2014-03-01,transport_storage,1251,2.6,0,7.1316985104669115,-9
2014-03-01,water_waste,186,4.8,0,5.225746673713202,-9
2014-03-01,wholesale_retail,4464,13.4,0,8.403800504061147,-9
2014-06-01,accommodation_food,2044,33.2,0,7.622663951323595,-8
2014-06-01,administrative_support,2475,16.9,0,7.813995675002791,-8
2014-06-01,agriculture,235,10.7,0,5.459585514144159,-8
2014-06-01,arts_entertainment,699,12.3,0,6.54965074223381,-8
2014-06-01,construction,1282,3.2,0,7.156176637480615,-8
2014-06-01,education,2612,2.7,0,7.867871490396322,-8
2014-06-01,electricity_gas,105,0.3,0,4.653960350157523,-8
2014-06-01,financial_insurance,1045,0.6,0,6.951772164398911,-8
2014-06-01,health_social_work,3836,5.9,0,8.252185436003328,-8
2014-06-01,information_communication,1147,1.4,0,7.044905117129371,-8
2014-06-01,manufacturing,2417,4.6,0,7.790282380703483,-8
2014-06-01,mining,62,0.5,0,4.127134385045092,-8
2014-06-01,other_services,597,10.8,0,6.391917113392602,-8
2014-06-01,professional_scientific,2292,3,0,7.73718007783463,-8
2014-06-01,public_admin,1333,0.4,0,7.195187320178709,-8
2014-06-01,real_estate,466,3.4,0,6.1441856341256456,-8
2014-06-01,transport_storage,1253,2.6,0,7.133295954896068,-8
2014-06-01,water_waste,187,4.8,0,5.231108616854587,-8
2014-06-01,wholesale_retail,4538,13.4,0,8.420241665339788,-8
2014-09-01,accommodation_food,2040,33.2,0,7.620705086838262,-7
2014-09-01,administrative_support,2497,16.9,0,7.822845290279774,-7
2014-09-01,agriculture,225,10.7,0,5.41610040220442,-7
2014-09-01,arts_entertainment,698,12.3,0,6.548219102762372,-7
2014-09-01,construction,1298,3.2,0,7.168579897264035,-7
2014-09-01,education,2626,2.7,0,7.873217054862741,-7
2014-09-01,electricity_gas,112,0.3,0,4.718498871295094,-7
2014-09-01,financial_insurance,1050,0.6,0,6.956545443151569,-7
2014-09-01,health_social_work,3839,5.9,0,8.252967195000798,-7
2014-09-01,information_communication,1165,1.4,0,7.060476365999801,-7
2014-09-01,manufacturing,2433,4.6,0,7.796880342783522,-7
2014-09-01,mining,63,0.5,0,4.143134726391533,-7
2014-09-01,other_services,593,10.8,0,6.385194398997726,-7
2014-09-01,professional_scientific,2296,3,0,7.738923757439457,-7
2014-09-01,public_admin,1323,0.4,0,7.187657164114956,-7
2014-09-01,real_estate,465,3.4,0,6.142037405587356,-7
2014-09-01,transport_storage,1286,2.6,0,7.1592919047975645,-7
2014-09-01,water_waste,187,4.8,0,5.231108616854587,-7
2014-09-01,wholesale_retail,4577,13.4,0,8.428799040653642,-7
2014-12-01,accommodation_food,2063,33.2,0,7.631916513071252,-6
2014-12-01,administrative_support,2543,16.9,0,7.841099765422119,-6
2014-12-01,agriculture,222,10.7,0,5.402677381872279,-6
2014-12-01,arts_entertainment,692,12.3,0,6.539585955617669,-6
2014-12-01,construction,1303,3.2,0,7.172424577124845,-6
2014-12-01,education,2629,2.7,0,7.874358824729881,-6
2014-12-01,electricity_gas,118,0.3,0,4.770684624465665,-6
2014-12-01,financial_insurance,1037,0.6,0,6.9440872082295275,-6
2014-12-01,health_social_work,3842,5.9,0,8.253748343328501,-6
2014-12-01,information_communication,1170,1.4,0,7.064759027791802,-6
2014-12-01,manufacturing,2425,4.6,0,7.793586803371584,-6
2014-12-01,mining,64,0.5,0,4.1588830833596715,-6
2014-12-01,other_services,604,10.8,0,6.403574197934815,-6
2014-12-01,professional_scientific,2327,3,0,7.752335163302292,-6
2014-12-01,public_admin,1316,0.4,0,7.182352111885263,-6
2014-12-01,real_estate,483,3.4,0,6.180016653652572,-6
2014-12-01,transport_storage,1312,2.6,0,7.179307969504034,-6
2014-12-01,water_waste,186,4.8,0,5.225746673713202,-6
2014-12-01,wholesale_retail,4592,13.4,0,8.432070937999402,-6
2015-03-01,accommodation_food,2062,33.2,0,7.631431664576906,-5
2015-03-01,administrative_support,2532,16.9,0,7.836764783264067,-5
2015-03-01,agriculture,221,10.7,0,5.3981627015177525,-5
2015-03-01,arts_entertainment,706,12.3,0,6.559615237493242,-5
2015-03-01,construction,1326,3.2,0,7.189922170745808,-5
2015-03-01,education,2660,2.7,0,7.886081401775745,-5
2015-03-01,electricity_gas,121,0.3,0,4.795790545596741,-5
2015-03-01,financial_insurance,1044,0.6,0,6.950814768442584,-5
2015-03-01,health_social_work,3861,5.9,0,8.258681496264236,-5
2015-03-01,information_communication,1198,1.4,0,7.088408778675395,-5
2015-03-01,manufacturing,2433,4.6,0,7.796880342783522,-5
2015-03-01,mining,63,0.5,0,4.143134726391533,-5
2015-03-01,other_services,623,10.8,0,6.434546518787453,-5
2015-03-01,professional_scientific,2378,3,0,7.774015077250727,-5
2015-03-01,public_admin,1307,0.4,0,7.175489713624222,-5
2015-03-01,real_estate,481,3.4,0,6.175867270105761,-5
2015-03-01,transport_storage,1311,2.6,0,7.1785454837637,-5
2015-03-01,water_waste,191,4.8,0,5.25227342804663,-5
2015-03-01,wholesale_retail,4649,13.4,0,8.444407421690585,-5
2015-06-01,accommodation_food,2090,33.2,0,7.644919344958857,-4
2015-06-01,administrative_support,2532,16.9,0,7.836764783264067,-4
2015-06-01,agriculture,224,10.7,0,5.4116460518550396,-4
2015-06-01,arts_entertainment,717,12.3,0,6.57507584059962,-4
2015-06-01,construction,1336,3.2,0,7.197435354096591,-4
2015-06-01,education,2657,2.7,0,7.884952945759814,-4
2015-06-01,electricity_gas,123,0.3,0,4.812184355372417,-4
2015-06-01,financial_insurance,1032,0.6,0,6.939253946041508,-4
2015-06-01,health_social_work,3893,5.9,0,8.266935347610456,-4
2015-06-01,information_communication,1199,1.4,0,7.089243155027514,-4
2015-06-01,manufacturing,2429,4.6,0,7.795234929002173,-4
2015-06-01,mining,62,0.5,0,4.127134385045092,-4
2015-06-01,other_services,620,10.8,0,6.429719478039138,-4
2015-06-01,professional_scientific,2391,3,0,7.779466967458324,-4
2015-06-01,public_admin,1288,0.4,0,7.160845906664299,-4
2015-06-01,real_estate,486,3.4,0,6.186208623900494,-4
2015-06-01,transport_storage,1347,2.6,0,7.205635176410364,-4
2015-06-01,water_waste,189,4.8,0,5.241747015059643,-4
2015-06-01,wholesale_retail,4626,13.4,0,8.439447842791385,-4
2015-09-01,accommodation_food,2105,33.2,0,7.652070746116482,-3
2015-09-01,administrative_support,2563,16.9,0,7.848933726364071,-3
2015-09-01,agriculture,228,10.7,0,5.429345628954441,-3
2015-09-01,arts_entertainment,710,12.3,0,6.565264970035361,-3
2015-09-01,construction,1345,3.2,0,7.20414929203594,-3
2015-09-01,education,2661,2.7,0,7.886457270977689,-3
2015-09-01,electricity_gas,126,0.3,0,4.836281906951478,-3
2015-09-01,financial_insurance,1030,0.6,0,6.937314081223682,-3
2015-09-01,health_social_work,3888,5.9,0,8.265650165580329,-3
2015-09-01,information_communication,1205,1.4,0,7.094234845924755,-3
2015-09-01,manufacturing,2426,4.6,0,7.793999089503996,-3
2015-09-01,mining,60,0.5,0,4.0943445622221,-3
2015-09-01,other_services,622,10.8,0,6.432940092739179,-3
2015-09-01,professional_scientific,2429,3,0,7.795234929002173,-3
2015-09-01,public_admin,1280,0.4,0,7.154615356913663,-3
2015-09-01,real_estate,489,3.4,0,6.192362489474872,-3
2015-09-01,transport_storage,1361,2.6,0,7.215975002651466,-3
2015-09-01,water_waste,190,4.8,0,5.247024072160486,-3
2015-09-01,wholesale_retail,4642,13.4,0,8.442900586834382,-3
2015-12-01,accommodation_food,2141,33.2,0,7.669028288589683,-2
2015-12-01,administrative_support,2572,16.9,0,7.85243908535751,-2
2015-12-01,agriculture,234,10.7,0,5.455321115357702,-2
2015-12-01,arts_entertainment,724,12.3,0,6.584791392385716,-2
2015-12-01,construction,1334,3.2,0,7.195937226475569,-2
2015-12-01,education,2662,2.7,0,7.8868329989550565,-2
2015-12-01,electricity_gas,129,0.3,0,4.859812404361672,-2
2015-12-01,financial_insurance,1034,0.6,0,6.9411900550683745,-2
2015-12-01,health_social_work,3896,5.9,0,8.267705664762426,-2
2015-12-01,information_communication,1206,1.4,0,7.095064377287131,-2
2015-12-01,manufacturing,2436,4.6,0,7.798112628829788,-2
2015-12-01,mining,59,0.5,0,4.07753744390572,-2
2015-12-01,other_services,627,10.8,0,6.440946540632921,-2
2015-12-01,professional_scientific,2447,3,0,7.802618063442671,-2
2015-12-01,public_admin,1280,0.4,0,7.154615356913663,-2
2015-12-01,real_estate,489,3.4,0,6.192362489474872,-2
2015-12-01,transport_storage,1391,2.6,0,7.237778191923443,-2
2015-12-01,water_waste,191,4.8,0,5.25227342804663,-2
2015-12-01,wholesale_retail,4621,13.4,0,8.438366410870266,-2
2016-03-01,accommodation_food,2136,33.2,0,7.666690200080086,-1
2016-03-01,administrative_support,2611,16.9,0,7.8674885686991285,-1
2016-03-01,agriculture,228,10.7,0,5.429345628954441,-1
2016-03-01,arts_entertainment,727,12.3,0,6.588926477533519,-1
2016-03-01,construction,1351,3.2,0,7.208600337960199,-1
2016-03-01,education,2655,2.7,0,7.884199933676039,-1
2016-03-01,electricity_gas,131,0.3,0,4.875197323201151,-1
2016-03-01,financial_insurance,1039,0.6,0,6.946013991099227,-1
2016-03-01,health_social_work,3952,5.9,0,8.281977058867758,-1
2016-03-01,information_communication,1228,1.4,0,7.113142108707088,-1
2016-03-01,manufacturing,2428,4.6,0,7.794823152179389,-1
2016-03-01,mining,55,0.5,0,4.007333185232471,-1
2016-03-01,other_services,638,10.8,0,6.45833828334479,-1
2016-03-01,professional_scientific,2487,3,0,7.818832443803404,-1
2016-03-01,public_admin,1274,0.4,0,7.149916836132109,-1
2016-03-01,real_estate,488,3.4,0,6.1903154058531475,-1
2016-03-01,transport_storage,1409,2.6,0,7.25063551189868,-1
2016-03-01,water_waste,197,4.8,0,5.2832037287379885,-1
2016-03-01,wholesale_retail,4636,13.4,0,8.441607204459642,-1
2016-06-01,accommodation_food,2180,33.2,1,7.687080155783135,0
2016-06-01,administrative_support,2624,16.9,1,7.8724551500639794,0
2016-06-01,agriculture,215,10.7,1,5.3706380281276624,0
2016-06-01,arts_entertainment,733,12.3,1,6.597145701886651,0
2016-06-01,construction,1363,3.2,1,7.217443431696533,0
2016-06-01,education,2657,2.7,1,7.884952945759814,0
2016-06-01,electricity_gas,131,0.3,1,4.875197323201151,0
2016-06-01,financial_insurance,1041,0.6,1,6.947937068614969,0
2016-06-01,health_social_work,3945,5.9,1,8.280204233279974,0
2016-06-01,information_communication,1251,1.4,1,7.1316985104669115,0
2016-06-01,manufacturing,2437,4.6,1,7.798523053625206,0
2016-06-01,mining,56,0.5,1,4.02535169073515,0
2016-06-01,other_services,631,10.8,1,6.447305862541213,0
2016-06-01,professional_scientific,2502,3,1,7.824845691026856,0
2016-06-01,public_admin,1265,0.4,1,7.142827401161621,0
2016-06-01,real_estate,497,3.4,1,6.208590026096629,0
2016-06-01,transport_storage,1432,2.6,1,7.266827347520591,0
2016-06-01,water_waste,191,4.8,1,5.25227342804663,0
2016-06-01,wholesale_retail,4639,13.4,1,8.442254104751743,0
2016-09-01,accommodation_food,2200,33.2,1,7.696212639346407,1
2016-09-01,administrative_support,2628,16.9,1,7.873978379604501,1
2016-09-01,agriculture,224,10.7,1,5.4116460518550396,1
2016-09-01,arts_entertainment,748,12.3,1,6.617402977974478,1
2016-09-01,construction,1376,3.2,1,7.226936018493289,1
2016-09-01,education,2660,2.7,1,7.886081401775745,1
2016-09-01,electricity_gas,128,0.3,1,4.852030263919617,1
2016-09-01,financial_insurance,1051,0.6,1,6.957497370876951,1
2016-09-01,health_social_work,3931,5.9,1,8.27664912542186,1
2016-09-01,information_communication,1247,1.4,1,7.1284959456800365,1
2016-09-01,manufacturing,2436,4.6,1,7.798112628829788,1
2016-09-01,mining,55,0.5,1,4.007333185232471,1
2016-09-01,other_services,613,10.8,1,6.418364935936212,1
2016-09-01,professional_scientific,2546,3,1,7.842278779117352,1
2016-09-01,public_admin,1260,0.4,1,7.138866999945524,1
2016-09-01,real_estate,486,3.4,1,6.186208623900494,1
2016-09-01,transport_storage,1452,2.6,1,7.280697195384741,1
2016-09-01,water_waste,196,4.8,1,5.278114659230517,1
2016-09-01,wholesale_retail,4606,13.4,1,8.43511508038063,1
2016-12-01,accommodation_food,2207,33.2,1,7.699389406256737,2
2016-12-01,administrative_support,2652,16.9,1,7.883069351305753,2
2016-12-01,agriculture,224,10.7,1,5.4116460518550396,2
2016-12-01,arts_entertainment,742,12.3,1,6.60934924316738,2
2016-12-01,construction,1395,3.2,1,7.240649694255466,2
2016-12-01,education,2662,2.7,1,7.8868329989550565,2
2016-12-01,electricity_gas,137,0.3,1,4.919980925828125,2
2016-12-01,financial_insurance,1053,0.6,1,6.959398512133975,2
2016-12-01,health_social_work,3932,5.9,1,8.276903481267057,2
2016-12-01,information_communication,1254,1.4,1,7.134093721192866,2
2016-12-01,manufacturing,2442,4.6,1,7.80057265467065,2
2016-12-01,mining,53,0.5,1,3.970291913552122,2
2016-12-01,other_services,619,10.8,1,6.428105272684596,2
2016-12-01,professional_scientific,2512,3,1,7.828834527588089,2
2016-12-01,public_admin,1263,0.4,1,7.141245122350491,2
2016-12-01,real_estate,482,3.4,1,6.1779441140506,2
2016-12-01,transport_storage,1441,2.6,1,7.273092595999522,2
2016-12-01,water_waste,199,4.8,1,5.293304824724492,2
2016-12-01,wholesale_retail,4613,13.4,1,8.43663368355782,2
2017-03-01,accommodation_food,2215,33.2,1,7.703007682479236,3
2017-03-01,administrative_support,2653,16.9,1,7.88344635413774,3
2017-03-01,agriculture,218,10.7,1,5.384495062789089,3
2017-03-01,arts_entertainment,756,12.3,1,6.628041376179533,3
2017-03-01,construction,1426,3.2,1,7.262628600974241,3
2017-03-01,education,2672,2.7,1,7.890582534656536,3
2017-03-01,electricity_gas,137,0.3,1,4.919980925828125,3
2017-03-01,financial_insurance,1054,0.6,1,6.960347729101308,3
2017-03-01,health_social_work,3994,5.9,1,8.29254851397576,3
2017-03-01,information_communication,1275,1.4,1,7.150701457592526,3
2017-03-01,manufacturing,2469,4.6,1,7.81156848934518,3
2017-03-01,mining,52,0.5,1,3.9512437185814275,3
2017-03-01,other_services,609,10.8,1,6.411818267709897,3
2017-03-01,professional_scientific,2524,3,1,7.8336002236611035,3
2017-03-01,public_admin,1264,0.4,1,7.142036574706803,3
2017-03-01,real_estate,491,3.4,1,6.19644412779452,3
2017-03-01,transport_storage,1450,2.6,1,7.27931883541462,3
2017-03-01,water_waste,206,4.8,1,5.327876168789581,3
2017-03-01,wholesale_retail,4625,13.4,1,8.439231649946526,3
2017-06-01,accommodation_food,2225,33.2,1,7.707512194600341,4
2017-06-01,administrative_support,2638,16.9,1,7.87777633327726,4
2017-06-01,agriculture,220,10.7,1,5.393627546352362,4
2017-06-01,arts_entertainment,754,12.3,1,6.625392368007956,4
2017-06-01,construction,1444,3.2,1,7.275172319452771,4
2017-06-01,education,2669,2.7,1,7.889459149404524,4
2017-06-01,electricity_gas,136,0.3,1,4.912654885736052,4
2017-06-01,financial_insurance,1057,0.6,1,6.963189985870238,4
2017-06-01,health_social_work,4020,5.9,1,8.299037181613066,4
2017-06-01,information_communication,1297,1.4,1,7.167809184316444,4
2017-06-01,manufacturing,2476,4.6,1,7.814399633804487,4
2017-06-01,mining,52,0.5,1,3.9512437185814275,4
2017-06-01,other_services,596,10.8,1,6.39024066706535,4
2017-06-01,professional_scientific,2485,3,1,7.818027938530729,4
2017-06-01,public_admin,1271,0.4,1,7.147559271189454,4
2017-06-01,real_estate,481,3.4,1,6.175867270105761,4
2017-06-01,transport_storage,1437,2.6,1,7.270312886079025,4
2017-06-01,water_waste,209,4.8,1,5.342334251964811,4
2017-06-01,wholesale_retail,4613,13.4,1,8.43663368355782,4
2017-09-01,accommodation_food,2223,33.2,1,7.706612913964197,5
2017-09-01,administrative_support,2697,16.9,1,7.89989532313973,5
2017-09-01,agriculture,228,10.7,1,5.429345628954441,5
2017-09-01,arts_entertainment,764,12.3,1,6.638567789166521,5
2017-09-01,construction,1458,3.2,1,7.284820912568604,5
2017-09-01,education,2658,2.7,1,7.885329239273191,5
2017-09-01,electricity_gas,136,0.3,1,4.912654885736052,5
2017-09-01,financial_insurance,1047,0.6,1,6.953684210870537,5
2017-09-01,health_social_work,4001,5.9,1,8.294299608857235,5
2017-09-01,information_communication,1302,1.4,1,7.171656822768514,5
2017-09-01,manufacturing,2482,4.6,1,7.8168199657645525,5
2017-09-01,mining,51,0.5,1,3.9318256327243257,5
2017-09-01,other_services,601,10.8,1,6.398594934535208,5
2017-09-01,professional_scientific,2517,3,1,7.830822995135316,5
2017-09-01,public_admin,1273,0.4,1,7.149131598557407,5
2017-09-01,real_estate,496,3.4,1,6.206575926724928,5
2017-09-01,transport_storage,1430,2.6,1,7.265429723253953,5
2017-09-01,water_waste,210,4.8,1,5.3471075307174685,5
2017-09-01,wholesale_retail,4606,13.4,1,8.43511508038063,5
2017-12-01,accommodation_food,2226,33.2,1,7.70796153183549,6
2017-12-01,administrative_support,2682,16.9,1,7.894318063841624,6
2017-12-01,agriculture,222,10.7,1,5.402677381872279,6
2017-12-01,arts_entertainment,753,12.3,1,6.6240652277998935,6
2017-12-01,construction,1459,3.2,1,7.285506548522785,6
2017-12-01,education,2644,2.7,1,7.880048200971577,6
2017-12-01,electricity_gas,139,0.3,1,4.9344739331306915,6
2017-12-01,financial_insurance,1045,0.6,1,6.951772164398911,6
2017-12-01,health_social_work,3988,5.9,1,8.291045131081729,6
2017-12-01,information_communication,1288,1.4,1,7.160845906664299,6
2017-12-01,manufacturing,2486,4.6,1,7.818430272070656,6
2017-12-01,mining,50,0.5,1,3.912023005428146,6
2017-12-01,other_services,600,10.8,1,6.396929655216146,6
2017-12-01,professional_scientific,2533,3,1,7.837159650001675,6
2017-12-01,public_admin,1278,0.4,1,7.15305163493748,6
2017-12-01,real_estate,507,3.4,1,6.2285110035911835,6
2017-12-01,transport_storage,1439,2.6,1,7.271703706887368,6
2017-12-01,water_waste,216,4.8,1,5.375278407684165,6
2017-12-01,wholesale_retail,4622,13.4,1,8.438582790834326,6
2018-03-01,accommodation_food,2257,33.2,1,7.721791776817535,7
2018-03-01,administrative_support,2660,16.9,1,7.886081401775745,7
2018-03-01,agriculture,225,10.7,1,5.41610040220442,7
2018-03-01,arts_entertainment,746,12.3,1,6.61472560020376,7
2018-03-01,construction,1460,3.2,1,7.286191714702382,7
2018-03-01,education,2643,2.7,1,7.879669914604289,7
2018-03-01,electricity_gas,142,0.3,1,4.955827057601261,7
2018-03-01,financial_insurance,1051,0.6,1,6.957497370876951,7
2018-03-01,health_social_work,3999,5.9,1,8.293799608846818,7
2018-03-01,information_communication,1280,1.4,1,7.154615356913663,7
2018-03-01,manufacturing,2483,4.6,1,7.817222785508166,7
2018-03-01,mining,50,0.5,1,3.912023005428146,7
2018-03-01,other_services,620,10.8,1,6.429719478039138,7
2018-03-01,professional_scientific,2539,3,1,7.839525581704678,7
2018-03-01,public_admin,1283,0.4,1,7.1569563646156364,7
2018-03-01,real_estate,519,3.4,1,6.251903883165888,7
2018-03-01,transport_storage,1427,2.6,1,7.2633296174768365,7
2018-03-01,water_waste,214,4.8,1,5.365976015021851,7
2018-03-01,wholesale_retail,4632,13.4,1,8.440744019252831,7
2018-06-01,accommodation_food,2285,33.2,1,7.734121303328305,8
2018-06-01,administrative_support,2659,16.9,1,7.88570539124302,8
2018-06-01,agriculture,234,10.7,1,5.455321115357702,8
2018-06-01,arts_entertainment,750,12.3,1,6.620073206530356,8
2018-06-01,construction,1444,3.2,1,7.275172319452771,8
2018-06-01,education,2654,2.7,1,7.8838232148921525,8
2018-06-01,electricity_gas,142,0.3,1,4.955827057601261,8
2018-06-01,financial_insurance,1035,0.6,1,6.942156705699469,8
2018-06-01,health_social_work,3969,5.9,1,8.286269452783065,8
2018-06-01,information_communication,1269,1.4,1,7.1459844677143876,8
2018-06-01,manufacturing,2491,4.6,1,7.820439515262181,8
2018-06-01,mining,50,0.5,1,3.912023005428146,8
2018-06-01,other_services,617,10.8,1,6.424869023905388,8
2018-06-01,professional_scientific,2546,3,1,7.842278779117352,8
2018-06-01,public_admin,1288,0.4,1,7.160845906664299,8
2018-06-01,real_estate,503,3.4,1,6.220590170099739,8
2018-06-01,transport_storage,1440,2.6,1,7.272398392570047,8
2018-06-01,water_waste,213,4.8,1,5.3612921657094255,8
2018-06-01,wholesale_retail,4633,13.4,1,8.440959885416648,8
2018-09-01,accommodation_food,2277,33.2,1,7.7306140660637395,9
2018-09-01,administrative_support,2665,16.9,1,7.887959336599945,9
2018-09-01,agriculture,225,10.7,1,5.41610040220442,9
2018-09-01,arts_entertainment,744,12.3,1,6.612041034833092,9
2018-09-01,construction,1438,3.2,1,7.271008538280992,9
2018-09-01,education,2654,2.7,1,7.8838232148921525,9
2018-09-01,electricity_gas,144,0.3,1,4.969813299576001,9
2018-09-01,financial_insurance,1045,0.6,1,6.951772164398911,9
2018-09-01,health_social_work,4011,5.9,1,8.296795865770052,9
2018-09-01,information_communication,1276,1.4,1,7.151485463904735,9
2018-09-01,manufacturing,2492,4.6,1,7.820840879907344,9
2018-09-01,mining,52,0.5,1,3.9512437185814275,9
2018-09-01,other_services,613,10.8,1,6.418364935936212,9
2018-09-01,professional_scientific,2591,3,1,7.85979918056211,9
2018-09-01,public_admin,1293,0.4,1,7.164720378771857,9
2018-09-01,real_estate,516,3.4,1,6.246106765481563,9
2018-09-01,transport_storage,1467,2.6,1,7.2909747781429814,9
2018-09-01,water_waste,216,4.8,1,5.375278407684165,9
2018-09-01,wholesale_retail,4666,13.4,1,8.448057452581375,9
2018-12-01,accommodation_food,2298,33.2,1,7.739794458408701,10
2018-12-01,administrative_support,2664,16.9,1,7.88758403166028,10
2018-12-01,agriculture,207,10.7,1,5.332718793265369,10
2018-12-01,arts_entertainment,740,12.3,1,6.606650186198215,10
2018-12-01,construction,1463,3.2,1,7.288244401020124,10
2018-12-01,education,2646,2.7,1,7.880804344674901,10
2018-12-01,electricity_gas,139,0.3,1,4.9344739331306915,10
2018-12-01,financial_insurance,1043,0.6,1,6.949856455000773,10
2018-12-01,health_social_work,4008,5.9,1,8.2960476427647,10
2018-12-01,information_communication,1291,1.4,1,7.1631723908466425,10
2018-12-01,manufacturing,2494,4.6,1,7.821643126239982,10
2018-12-01,mining,52,0.5,1,3.9512437185814275,10
2018-12-01,other_services,619,10.8,1,6.428105272684596,10
2018-12-01,professional_scientific,2595,3,1,7.861341795599989,10
2018-12-01,public_admin,1305,0.4,1,7.173958319756794,10
2018-12-01,real_estate,524,3.4,1,6.261491684321042,10
2018-12-01,transport_storage,1498,2.6,1,7.311886164077165,10
2018-12-01,water_waste,218,4.8,1,5.384495062789089,10
2018-12-01,wholesale_retail,4662,13.4,1,8.447199819595703,10
2019-03-01,accommodation_food,2317,33.2,1,7.748028524432376,11
2019-03-01,administrative_support,2643,16.9,1,7.879669914604289,11
2019-03-01,agriculture,218,10.7,1,5.384495062789089,11
2019-03-01,arts_entertainment,753,12.3,1,6.6240652277998935,11
2019-03-01,construction,1482,3.2,1,7.301147805856032,11
2019-03-01,education,2644,2.7,1,7.880048200971577,11
2019-03-01,electricity_gas,133,0.3,1,4.890349128221754,11
2019-03-01,financial_insurance,1060,0.6,1,6.966024187106113,11
2019-03-01,health_social_work,4006,5.9,1,8.295548516225763,11
2019-03-01,information_communication,1313,1.4,1,7.180069874302796,11
2019-03-01,manufacturing,2505,4.6,1,7.826044013518965,11
2019-03-01,mining,53,0.5,1,3.970291913552122,11
2019-03-01,other_services,632,10.8,1,6.448889394146858,11
2019-03-01,professional_scientific,2619,3,1,7.870547844507712,11
2019-03-01,public_admin,1315,0.4,1,7.181591944611865,11
2019-03-01,real_estate,508,3.4,1,6.230481447578482,11
2019-03-01,transport_storage,1485,2.6,1,7.3031700512368,11
2019-03-01,water_waste,218,4.8,1,5.384495062789089,11
2019-03-01,wholesale_retail,4685,13.4,1,8.452121194672523,11
2019-06-01,accommodation_food,2346,33.2,1,7.76046702921342,12
2019-06-01,administrative_support,2651,16.9,1,7.8826922062890254,12
2019-06-01,agriculture,212,10.7,1,5.356586274672012,12
2019-06-01,arts_entertainment,755,12.3,1,6.626717749249025,12
2019-06-01,construction,1486,3.2,1,7.303843225277705,12
2019-06-01,education,2650,2.7,1,7.882314918980268,12
2019-06-01,electricity_gas,133,0.3,1,4.890349128221754,12
2019-06-01,financial_insurance,1067,0.6,1,6.9726062513017535,12
2019-06-01,health_social_work,4028,5.9,1,8.301025253838453,12
2019-06-01,information_communication,1328,1.4,1,7.191429330036379,12
2019-06-01,manufacturing,2497,4.6,1,7.822845290279774,12
2019-06-01,mining,54,0.5,1,3.9889840465642745,12
2019-06-01,other_services,620,10.8,1,6.429719478039138,12
2019-06-01,professional_scientific,2638,3,1,7.87777633327726,12
2019-06-01,public_admin,1318,0.4,1,7.183870715062453,12
2019-06-01,real_estate,504,3.4,1,6.222576268071369,12
2019-06-01,transport_storage,1492,2.6,1,7.307872780763706,12
2019-06-01,water_waste,214,4.8,1,5.365976015021851,12
2019-06-01,wholesale_retail,4665,13.4,1,8.447843113281444,12
2019-09-01,accommodation_food,2343,33.2,1,7.759187438507795,13
2019-09-01,administrative_support,2674,16.9,1,7.891330757661889,13
2019-09-01,agriculture,227,10.7,1,5.424950017481403,13
2019-09-01,arts_entertainment,757,12.3,1,6.6293632534374485,13
2019-09-01,construction,1500,3.2,1,7.313220387090301,13
2019-09-01,education,2650,2.7,1,7.882314918980268,13
2019-09-01,electricity_gas,132,0.3,1,4.882801922586371,13
2019-09-01,financial_insurance,1071,0.6,1,6.976348070447749,13
2019-09-01,health_social_work,4062,5.9,1,8.30943074214033,13
2019-09-01,information_communication,1322,1.4,1,7.186901020411631,13
2019-09-01,manufacturing,2487,4.6,1,7.818832443803404,13
2019-09-01,mining,55,0.5,1,4.007333185232471,13
2019-09-01,other_services,627,10.8,1,6.440946540632921,13
2019-09-01,professional_scientific,2659,3,1,7.88570539124302,13
2019-09-01,public_admin,1322,0.4,1,7.186901020411631,13
2019-09-01,real_estate,530,3.4,1,6.272877006546167,13
2019-09-01,transport_storage,1506,2.6,1,7.317212408359839,13
2019-09-01,water_waste,207,4.8,1,5.332718793265369,13
2019-09-01,wholesale_retail,4660,13.4,1,8.446770727119691,13
2019-12-01,accommodation_food,2360,33.2,1,7.7664168980196555,14
2019-12-01,administrative_support,2682,16.9,1,7.894318063841624,14
2019-12-01,agriculture,232,10.7,1,5.44673737166631,14
2019-12-01,arts_entertainment,758,12.3,1,6.630683385642372,14
2019-12-01,construction,1488,3.2,1,7.305188215393037,14
2019-12-01,education,2644,2.7,1,7.880048200971577,14
2019-12-01,electricity_gas,133,0.3,1,4.890349128221754,14
2019-12-01,financial_insurance,1055,0.6,1,6.961296045910167,14
2019-12-01,health_social_work,4049,5.9,1,8.30622521603216,14
2019-12-01,information_communication,1336,1.4,1,7.197435354096591,14
2019-12-01,manufacturing,2474,4.6,1,7.813591552952433,14
2019-12-01,mining,56,0.5,1,4.02535169073515,14
2019-12-01,other_services,631,10.8,1,6.447305862541213,14
2019-12-01,professional_scientific,2650,3,1,7.882314918980268,14
2019-12-01,public_admin,1332,0.4,1,7.194436851100335,14
2019-12-01,real_estate,540,3.4,1,6.29156913955832,14
2019-12-01,transport_storage,1516,2.6,1,7.323830566202317,14
2019-12-01,water_waste,208,4.8,1,5.337538079701318,14
2019-12-01,wholesale_retail,4630,13.4,1,8.440312147080279,14
